word,definition,theme,target_code,link,reason
국화는 서리를 맞아도 꺾이지 않는다,절개나 의지가 매우 강한 사람은 어떤 시련에도 굴하지 아니하고 꿋꿋이 이겨 냄을 비유적으로 이르는 말.,vitality,607578,https://opendict.korean.go.kr/dictionary/view?sense_no=607578,시련에도 굴하지 않는 의지가 활력의 핵심이라서
강물이 돌을 굴리지 못한다,"강물이 아무리 흘러도 돌을 움직여 굴리지는 못한다는 뜻으로, 세태에 흔들리지 아니하고 지조 있게 꿋꿋이 행동함을 비유적으로 이르는 말. &lt;동의 속담&gt; ‘강물이 흘러도 돌은 굴지 않는다’",vitality,607331,https://opendict.korean.go.kr/dictionary/view?sense_no=607331,세태에 흔들리지 않고 지조 있게 행동해서
돈 주고 못 살 것은 기개,의지와 기개가 있는 사람은 재물에 팔려 행동하지 아니함을 이르는 말.,vitality,609132,https://opendict.korean.go.kr/dictionary/view?sense_no=609132,재물에 팔리지 않는 의지가 기개의 본보기라서
큰 고기를 낚기 위하여 작은 미끼를 아끼지 말라,큰일을 이루기 위하여서는 작은 이익 정도는 희생하며 대담하게 행동하여야 함을 이르는 말.,vitality,615612,https://opendict.korean.go.kr/dictionary/view?sense_no=615612,큰일을 위한 대담한 희생·행동을 촉구해서
포도청의 문고리 빼겠다,대담하고 겁이 없는 사람의 행동을 비유적으로 이르는 말.,vitality,606660,https://opendict.korean.go.kr/dictionary/view?sense_no=606660,겁 없는 대담함의 대표 표현이라서
홍두깨 세 번 맞아 담 안 뛰어넘는 소가 없다,아무리 참을성이 많은 사람도 혹심한 처우에는 저항을 하기 마련이라는 말.,vitality,616265,https://opendict.korean.go.kr/dictionary/view?sense_no=616265,혹심한 처우에 저항하는 의지를 보여줘서
말로는 사촌 기와집도 지어 준다,실지의 행동이나 실천은 없이 그저 말로만 하는 것이야 무슨 말인들 못하겠는가 하는 뜻으로 이르는 말. &lt;동의 속담&gt; ‘말로는 천당도 짓는다’,vitality,609750,https://opendict.korean.go.kr/dictionary/view?sense_no=609750,말뿐인 행동을 경계하고 실천을 촉구해서
남의 떡방아에 키를 들고 달려간다,자기와 아무런 관계도 없는 일에 함부로 뛰어듦을 비유적으로 이르는 말.,vitality,608458,https://opendict.korean.go.kr/dictionary/view?sense_no=608458,함부로 뛰어드는 경거망동을 경계하는 행동 지침이라서
섶을 지고 불로 들어가려 한다,"당장에 불이 붙을 섶을 지고 이글거리는 불 속으로 뛰어든다는 뜻으로, 앞뒤 가리지 못하고 미련하게 행동함을 놀림조로 이르는 말.",vitality,604201,https://opendict.korean.go.kr/dictionary/view?sense_no=604201,앞뒤 가리지 않는 미련한 행동을 경계해서
적의 눈과 귀는 멀게 하고 내 눈과 귀는 밝아야 한다,"적이 아군의 전술과 역량, 움직임에 대하여서는 잘 알지 못하도록 하면서 적에 대하여서는 훤히 알고 있어야 싸움에서 승리할 수 있음을 이르는 말.",vitality,614480,https://opendict.korean.go.kr/dictionary/view?sense_no=614480,승리를 위한 대비·통찰이라서
말은 쉬워도 행동은 힘들다,무슨 일이나 말로 하기는 쉬워도 실제로 행동에 옮기기는 쉽지 아니하다는 말.,vitality,609762,https://opendict.korean.go.kr/dictionary/view?sense_no=609762,행동의 어려움을 인정하고 실천을 강조해서
백 마디 말보다 실천이 귀중하다,말을 많이 하는 것보다 실천하는 것이 더 중요하다는 말.,vitality,610904,https://opendict.korean.go.kr/dictionary/view?sense_no=610904,실천 우선이라는 활력 테마의 정석이라서
하자고 결심하면 못 해낼 일이 없다,결심과 각오만 단단하다면 무슨 일이든 성사할 수 있다는 말.,vitality,606739,https://opendict.korean.go.kr/dictionary/view?sense_no=606739,결심의 힘을 북돋는 메시지라서
고기 보고 기뻐만 말고 가서 그물을 떠라[뜨라],목적한 바가 있으면 먼저 그 일을 이룰 준비를 단단히 하라는 말. &lt;동의 속담&gt; ‘고기를 잡고자 하거든 돌아가 그물을 떠라’,vitality,607728,https://opendict.korean.go.kr/dictionary/view?sense_no=607728,바라기만 말고 그물을 뜨듯 준비·행동으로 옮기라서
웃는 집에 복이 있다,집안이 화목하여 늘 웃음꽃이 피는 집에는 행복이 찾아들게 된다는 말.,happiness,613644,https://opendict.korean.go.kr/dictionary/view?sense_no=613644,화목·웃음과 행복의 직결이라는 대표 명제라서
뒤를 돌아보고 울기보다는 앞을 바라보고 웃으랬다,지난날의 잘못을 뉘우치며 한숨을 지을 것이 아니라 밝은 앞날을 내다보며 희망을 가지고 살아야 한다는 말.,happiness,609278,https://opendict.korean.go.kr/dictionary/view?sense_no=609278,후회 대신 희망을 보라는 밝은 메시지라서
배부르니까 평안 감사도 부럽지 않다,굶주렸던 사람이 배가 부르도록 먹으면 만족하게 됨을 비유적으로 이르는 말.,happiness,610844,https://opendict.korean.go.kr/dictionary/view?sense_no=610844,만족이 부러움을 이긴다는 교훈이라서
아이 놓고는 웃어도 돈 놓고는 못 웃는다,"아이가 있는 집은 웃음이 늘 끊이지 않고 화목하지만, 돈이 많은 집은 걱정이 늘 끊이지 않는다는 말.",happiness,613006,https://opendict.korean.go.kr/dictionary/view?sense_no=613006,돈보다 가족의 화목이 기쁨의 원천이라서
복 속에서 복을 모른다,너무 행복에 겨워 그 속에 취하게 되면 불행하던 지난날의 처지를 잊어버리거나 오늘의 행복을 모르는 지경에 이르게 됨을 비유적으로 이르는 말.,happiness,611217,https://opendict.korean.go.kr/dictionary/view?sense_no=611217,행복 안에서의 감사·자각을 일깨워서
기름떡 먹기,하기에 쉽고도 즐거운 일임을 비유적으로 이르는 말. &lt;동의 속담&gt; ‘약과(를) 먹기(라)’ ‘개떡 먹기’ ‘깨떡 먹기’,happiness,601460,https://opendict.korean.go.kr/dictionary/view?sense_no=601460,쉽고 즐거운 일을 표현한 경쾌한 말이라서
고생 끝에 낙이 온다[있다],어려운 일이나 고된 일을 겪은 뒤에는 반드시 즐겁고 좋은 일이 생긴다는 말. &lt;동의 속담&gt; ‘태산을 넘으면 평지를 본다’,happiness,607539,https://opendict.korean.go.kr/dictionary/view?sense_no=607539,고난 뒤 기쁨이라는 희망 메시지라서
굿 구경 간 어미 기다리듯,"떡을 가지고 올까 하고 굿에 간 어미를 기다리는 아이처럼, 어떤 일에 희망이 있을 때 몹시 초조하게 기다림을 비유적으로 이르는 말. &lt;동의 속담&gt; ‘굿에 간 어미 기다리듯’ ‘어린 아들 굿에 간 어미 기다리듯’",happiness,601325,https://opendict.korean.go.kr/dictionary/view?sense_no=601325,희망 품고 기다리는 기대의 기쁨이라서
더도 말고 덜도 말고 늘 가윗날만 같아라,"가윗날은 백곡이 익는 계절인 만큼 모든 것이 풍성하고 즐거운 놀이를 하며 지낸 데서, 잘 먹고 잘 입고 편히 살기를 바라는 말.",happiness,602226,https://opendict.korean.go.kr/dictionary/view?sense_no=602226,좋은 날이 계속되길 바라는 대표 축원이라서
밤이 깊어 갈수록 새벽이 가까와 온다,어렵고 고통스러운 환경을 오랫동안 참고 이겨 내면 마침내 새롭고 희망찬 환경이 다가옴을 비유적으로 이르는 말.,happiness,610523,https://opendict.korean.go.kr/dictionary/view?sense_no=610523,어둠 끝의 새벽이라는 희망 비유라서
천 리 타향 고인 만나 반가워서 즐거운 일,이를 데 없이 몹시 기뻐함을 비유적으로 이르는 말. &lt;동의 속담&gt; ‘칠십 노인 구 대 독자 생남을 한 듯’ ‘동방화촉 노(老)도령이 숙녀 만나 즐거운 일’,happiness,615267,https://opendict.korean.go.kr/dictionary/view?sense_no=615267,만남의 반가움·기쁨을 노래해서
복이야 명이야 (한다),"내게 닥친 복이냐 아니면 내 운명이 그러하냐는 뜻으로, 뜻밖에 좋은 수가 나서 어쩔 줄을 모르고 기뻐하는 모양을 이르는 말.",happiness,611224,https://opendict.korean.go.kr/dictionary/view?sense_no=611224,뜻밖의 행운에 어쩔 줄 모르는 기쁨이라서
대한 끝에 양춘이 있다,어렵고 괴로운 일을 겪고 나면 즐겁고 좋은 일도 있음을 비유적으로 이르는 말.,happiness,609036,https://opendict.korean.go.kr/dictionary/view?sense_no=609036,괴로움 뒤 즐거움이 온다는 위로라서
거지는 논두렁 밑에 있어도 웃음이 있다,물질적으로는 가난하더라도 마음의 화평은 얼마든지 있을 수 있다는 말.,happiness,607272,https://opendict.korean.go.kr/dictionary/view?sense_no=607272,가난해도 마음의 화평은 가능하다는 만족의 지혜라서
부지런한 범재가 부지런하지 못한 천재보다 낫다,"부지런한 보통 사람이 부지런하지 못한 천재보다 낫다는 뜻으로, 꾸준히 노력하여 공부하면 인재가 될 수 있다는 말.",growth,611446,https://opendict.korean.go.kr/dictionary/view?sense_no=611446,꾸준한 노력이 재능을 이긴다는 성장 정석이라서
구르는 돌은 이끼가 안 낀다,부지런하고 꾸준히 노력하는 사람은 침체되지 않고 계속 발전한다는 말.,growth,607766,https://opendict.korean.go.kr/dictionary/view?sense_no=607766,부지런히 움직이는 자의 발전이라는 비유라서
걸음새 뜬 소가 천 리를 간다,"소는 비록 걸음이 뜨기는 하지만 한결같이 꾸준히 걸어가 마침내는 천 리를 간다는 뜻으로, 꾸준히 인내하면 큰 성과를 낼 수 있음을 비유적으로 이르는 말.",growth,600918,https://opendict.korean.go.kr/dictionary/view?sense_no=600918,꾸준한 인내의 성과를 보여줘서
십 년 적공이면 한 가지 성공을 한다,무슨 일이든지 오랫동안 꾸준히 노력하면 마침내는 성공하게 됨을 이르는 말.,growth,604606,https://opendict.korean.go.kr/dictionary/view?sense_no=604606,오랜 노력 끝 성공이라는 결실 메시지라서
천 리 길도 한 걸음부터,무슨 일이나 그 일의 시작이 중요하다는 말.,growth,615262,https://opendict.korean.go.kr/dictionary/view?sense_no=615262,시작의 중요성이라는 성장 첫걸음이라서
부지런한 부자는 하늘도 못 막는다,부지런하면 반드시 부자가 됨을 비유적으로 이르는 말.,growth,611447,https://opendict.korean.go.kr/dictionary/view?sense_no=611447,부지런함이 만드는 성공이라서
돈 모아 줄 생각 말고 자식 글 가르쳐라,자식을 위하는 가장 좋은 유산은 교육을 잘 시키는 일임을 강조하는 말. &lt;동의 속담&gt; ‘황금 천 냥이 자식 교육만 못하다’,growth,609128,https://opendict.korean.go.kr/dictionary/view?sense_no=609128,교육이 최고의 유산이라는 배움 강조라서
새벽달 보려고 으스름달 안 보랴,"새벽달을 보겠다고 해 질 녘에 뜨는 초저녁달을 안 보겠느냐는 뜻으로, 아직 당하지도 아니한 미래의 일만 기대하다가 눈앞의 일을 소홀히 하지 말고 지금 당장 닥친 일부터 힘써야 한다는 말.",growth,604061,https://opendict.korean.go.kr/dictionary/view?sense_no=604061,미래만 보지 말고 지금 일에 힘쓰라는 교훈이라서
하늘은 스스로 돕는 자를 돕는다,"하늘은 스스로 노력하는 사람을 성공하게 만든다는 뜻으로, 어떤 일을 이루기 위해서는 자신의 노력이 중요함을 이르는 말.",growth,616202,https://opendict.korean.go.kr/dictionary/view?sense_no=616202,자기 노력의 중요성이라는 자립 메시지라서
개미는 작아도 탑을 쌓는다,아무리 보잘것없고 힘이 없는 사람이라도 꾸준히 노력하고 정성을 들이면 훌륭한 일을 이룰 수 있다는 말.,growth,607381,https://opendict.korean.go.kr/dictionary/view?sense_no=607381,보잘것없어도 정성·노력으로 큰일을 이룬다는 비유라서
공부는 늙어 죽을 때까지 해도 다 못 한다,지식을 넓히고 수준을 높이기 위해서는 일생 동안 끊임없이 배우고 학습해야 함을 강조하여 이르는 말.,growth,601147,https://opendict.korean.go.kr/dictionary/view?sense_no=601147,평생 배움의 자세를 강조해서
무쇠도 갈면 바늘 된다,꾸준히 노력하면 어떤 어려운 일이라도 이룰 수 있다는 말.,growth,603056,https://opendict.korean.go.kr/dictionary/view?sense_no=603056,갈고닦으면 이룬다는 노력의 정석이라서
세월은 사람을 기다려 주지 않는다,무슨 일을 하든지 시간을 아껴서 부지런히 힘써야지 꾸물거리다가는 하여야 할 일을 못 하고 만다는 말.,growth,604164,https://opendict.korean.go.kr/dictionary/view?sense_no=604164,시간의 소중함이라는 성장 전제라서
쇠붙이도 늘 닦지 않으면 빛을 잃는다,비록 능력 있고 훌륭한 사람이라고 할지라도 꾸준히 배우고 수양을 쌓지 않으면 뒤떨어지고 잘못될 수 있음을 비유적으로 이르는 말.,growth,612063,https://opendict.korean.go.kr/dictionary/view?sense_no=612063,꾸준한 배움·수양을 쌓아야 뒤떨어지지 않아서
병 만나기는 쉬워도 병 고치기는 힘들다,"병에 걸리기는 쉬워도 일단 걸린 병을 고쳐서 건강을 회복하기는 힘이 든다는 뜻으로, 일단 잘못된 길에 들어서면 거기에서 헤어나기가 어려움을 비유적으로 이르는 말.",health,611169,https://opendict.korean.go.kr/dictionary/view?sense_no=611169,예방의 중요성이라는 건강 정석이라서
밥 한 알이 귀신 열을 쫓는다,귀신이 붙은 듯이 몸이 쇠약해졌을 때라도 충분히 먹고 제 몸을 돌보는 것이 건강을 회복하는 가장 빠른 길임을 비유적으로 이르는 말. &lt;동의 속담&gt; ‘고기 한 점이 귀신 천 머리를 쫓는다’,health,611085,https://opendict.korean.go.kr/dictionary/view?sense_no=611085,잘 먹는 것이 회복의 기본이라는 교훈이라서
병들어야 설움을 안다,"제 몸에 병이 나야 병난 사람의 설움을 안다는 뜻으로, 직접 경험하지 않고는 그 설움을 모름을 비유적으로 이르는 말.",health,603449,https://opendict.korean.go.kr/dictionary/view?sense_no=603449,직접 겪어야 아는 몸의 소중함이라서
병 자랑은 하여라,병이 들었을 때는 자기가 앓고 있는 병을 자꾸 이 사람 저 사람에게 말하여 고칠 길을 물어보아야 좋은 치료 방법을 찾을 수 있다는 말.,health,611170,https://opendict.korean.go.kr/dictionary/view?sense_no=611170,아프면 알리고 치료법을 찾으라는 실용 조언이라서
삼정승 부러워 말고 내 한 몸 튼튼히 가지라,권세나 권세 있는 사람들의 도움에 헛된 욕심을 두지 말고 제 몸의 건강이나 바른 행실을 위해 힘쓰라는 말. &lt;동의 속담&gt; ‘삼정승을 사귀지 말고 내 한 몸을 조심하라’ ‘정승 판서 사귀지 말고 제 입이나 잘 닦아라’,health,604103,https://opendict.korean.go.kr/dictionary/view?sense_no=604103,권세 욕심 대신 건강·바른 행실을 택하라는 메시지라서
어린아이 병엔 에미만 한 의사 없다,앓는 아이에 대한 어머니 정성은 아무리 이름난 의사의 의술도 당할 수 없을 만큼 극진하고 신통함을 이르는 말.,health,613497,https://opendict.korean.go.kr/dictionary/view?sense_no=613497,극진한 돌봄의 힘을 보여줘서
콧구멍 둘 마련하기가 다행이라,"다행히도 콧구멍이 둘이 있어 호흡이 막히지 아니하고 숨을 쉴 수 있다는 뜻으로, 몹시 답답하거나 기가 참을 해학적으로 이르는 말. &lt;동의 속담&gt; ‘콧구멍이 둘이니 숨을 쉬지’",health,615581,https://opendict.korean.go.kr/dictionary/view?sense_no=615581,숨 쉬는 평범함의 소중함을 유머로 일깨워서
밥이 약보다 낫다,"병에는 약이 좋지만 밥은 그보다 더 좋다는 뜻으로, 아무리 약이 좋다고 하더라도 건강에는 밥을 잘 먹는 것이 우선이자 기본이라 이르는 말.",health,611096,https://opendict.korean.go.kr/dictionary/view?sense_no=611096,잘 먹는 것이 약보다 우선이라는 기본기라서
긴병에 효자 없다,무슨 일이거나 너무 오래 끌면 그 일에 대한 성의가 없어서 소홀해짐을 비유적으로 이르는 말. &lt;동의 속담&gt; ‘장병에 효자 없다’,health,601496,https://opendict.korean.go.kr/dictionary/view?sense_no=601496,간병의 현실을 일깨워 건강 관리의 동기로 삼아서
병은 사람을 못 잡아도 약은 사람을 잡는다,"병에 걸린다고 다 죽는 것은 아니나 약은 한번 잘못 쓰면 사람을 죽일 수도 있다는 뜻으로, 약을 병에 맞게 써야지 잘못 쓰면 돌이킬 수 없는 불행을 당할 수 있음을 이르는 말.",health,611174,https://opendict.korean.go.kr/dictionary/view?sense_no=611174,약은 병에 맞게 써야 한다는 복약 신중론이라서
의사가 제 병 못 고친다,자기가 자신에 관한 일을 좋게 해결하기는 어려운 일이어서 남의 손을 빌려야만 이루기 쉬움을 비유적으로 이르는 말. &lt;동의 속담&gt; ‘중이 제 머리를 못 깎는다’,health,613873,https://opendict.korean.go.kr/dictionary/view?sense_no=613873,자기 일은 남의 손을 빌리라는 도움 요청의 지혜라서
고약으로는 속병을 고치지 못한다,"겉에 바르는 고약으로는 몸 안의 속병을 고칠 수 없다는 뜻으로, 알맞은 대책이 아니고서는 일을 성사시킬 수 없음을 이르는 말.",health,601043,https://opendict.korean.go.kr/dictionary/view?sense_no=601043,알맞은 대책이 필요하다는 치료 원칙이라서
늙은이에게는 밥이 막대라,"늙은이에게는 밥이 몸을 의지해 주는 막대와 같다는 뜻으로, 늙은이는 무엇보다도 잘 먹어야 몸을 지탱하며 살아갈 수 있음을 비유적으로 이르는 말.",health,602063,https://opendict.korean.go.kr/dictionary/view?sense_no=602063,잘 먹는 것이 노년의 지팡이라는 교훈이라서
지는 게 이기는 거다,맞설 형편이 못 되는 아주 수준이 어린 상대한테 옥신각신 시비를 가리기보다 아량 있고 너그럽게 대하면서 양보하는 것이 도덕적으로 승리하는 것임을 이르는 말.,peace,606076,https://opendict.korean.go.kr/dictionary/view?sense_no=606076,양보가 도덕적 승리라는 다툼 내려놓기라서
기는 놈 위에 나는 놈이 있다,"아무리 재주가 뛰어나다 하더라도 그보다 더 뛰어난 사람이 있다는 뜻으로, 스스로 뽐내는 사람을 경계하여 이르는 말. &lt;동의 속담&gt; ‘뛰는 놈 위에 나는 놈 있다’ ‘나는 놈 위에 타는 놈 있다’ ‘뛰는 놈이 있으면 나는 놈이 있다’ ‘치 위에 치가 있다’",peace,608197,https://opendict.korean.go.kr/dictionary/view?sense_no=608197,뽐내지 말고 겸손하라는 경계라서
산토끼를 잡으려다가 집토끼를 놓친다,"산토끼를 잡겠다고 욕심을 부리던 나머지 집토끼를 잘못 간수한 탓으로 잃어버리게 되었다는 뜻으로, 지나치게 욕심을 부리다가 이미 차지한 것까지 잃어버리게 됨을 비유적으로 이르는 말. &lt;동의 속담&gt; ‘산돼지를 잡으려다가 집돼지까지 잃는다’ ‘가는 토끼 잡으려다 잡은 토끼 놓친다’",peace,611454,https://opendict.korean.go.kr/dictionary/view?sense_no=611454,지나친 욕심이 가진 것까지 잃게 한다는 교훈이라서
재산이 늘수록 욕심도 는다,재물에 대한 욕심은 재물이 많아질수록 더함을 이르는 말.,peace,614219,https://opendict.korean.go.kr/dictionary/view?sense_no=614219,탐욕의 무한 증식을 경고해서
만사가 욕심대로라면 하늘에다 집도 짓겠다,무슨 일이나 욕심대로만 되지는 아니한다는 말.,peace,602738,https://opendict.korean.go.kr/dictionary/view?sense_no=602738,욕심대로 되지 않는 세상 이치를 받아들이게 해서
허욕에 들뜨면 한 치 앞도 못 본다,헛된 욕심에 들뜨게 되면 사리를 제대로 판단할 수 없게 된다는 말. &lt;동의 속담&gt; ‘허욕에 들뜨면 눈앞이 어둡다’,peace,606841,https://opendict.korean.go.kr/dictionary/view?sense_no=606841,헛된 욕망이 눈을 가린다는 경고라서
바다는 메워도 사람의 욕심은 못 채운다,"아무리 넓고 깊은 바다라도 메울 수는 있지만, 사람의 욕심은 끝이 없어 메울 수 없다는 뜻으로, 사람의 욕심이 한이 없음을 비유적으로 이르는 말. &lt;동의 속담&gt; ‘되면 더 되고 싶다’",peace,610861,https://opendict.korean.go.kr/dictionary/view?sense_no=610861,끝없는 욕심의 본질을 꿰뚫어서
귀신도 빌면 듣는다,"귀신도 빌면 소원을 들어준다는 뜻으로, 누구나 자기에게 비는 자는 용서함을 비유적으로 이르는 말.",peace,607886,https://opendict.korean.go.kr/dictionary/view?sense_no=607886,비는 자를 용서한다는 관용 메시지라서
숙인 머리는 베지 않는다,"항복하는 사람의 머리는 베지 않는다는 뜻으로, 잘못을 진실로 뉘우치는 사람은 관대히 용서함을 비유적으로 이르는 말.",peace,604375,https://opendict.korean.go.kr/dictionary/view?sense_no=604375,고개 숙인 자를 해치지 않는 관용이라서
벼슬은 높이고 뜻은 낮추어라,높은 자리에 앉게 될수록 겸손해야 한다는 말. &lt;동의 속담&gt; ‘지위가 높을수록 마음은 낮추어 먹어야’,peace,603491,https://opendict.korean.go.kr/dictionary/view?sense_no=603491,높을수록 낮아지라는 겸손의 정석이라서
김 안 나는 숭늉이 덥다,"물이 한창 끓고 있을 때면 김은 나지 않지만 가장 뜨거운 것처럼, 공연히 떠벌리는 사람보다도 가만히 침묵을 지키고 있는 사람이 더 무섭고 야무지다는 말. &lt;동의 속담&gt; ‘김 안 나는 숭늉이 더 뜨겁다’",peace,607779,https://opendict.korean.go.kr/dictionary/view?sense_no=607779,떠벌리지 않고 야무진 침묵을 기려서
남의 일에 흥야항야한다,남의 일에 공연히 간섭하고 나섬을 비유적으로 이르는 말. &lt;동의 속담&gt; ‘남의 잔치[장/제사]에 감 놓아라 배 놓아라 한다’ ‘사돈네 제사에 가서 감 놓아라 배 놓아라 한다’ ‘사돈집 잔치에 감 놓아라 배 놓아라 한다’,peace,608512,https://opendict.korean.go.kr/dictionary/view?sense_no=608512,남의 일 간섭을 경계하는 평화로운 거리두기라서
개구멍에 망건 치기,"남에게 빼앗길 것을 두려워하여 막고 있다가 막던 그 물건까지 잃는다는 뜻으로, 되지도 아니할 일을 공연히 욕심만 내어 어리석게 시작하였다가 도리어 손해나 망신을 당함을 이르는 말.",peace,600721,https://opendict.korean.go.kr/dictionary/view?sense_no=600721,헛된 욕심이 도리어 손해를 부른다는 교훈이라서
평반에 물 담은 듯,안정되고 고요한 상태를 비유적으로 이르는 말.,peace,606640,https://opendict.korean.go.kr/dictionary/view?sense_no=606640,안정되고 고요한 상태의 대표 비유라서
웃는 낯에 침 못 뱉는다,"웃는 낯으로 대하는 사람에게 침을 뱉을 수 없다는 뜻으로, 좋게 대하는 사람에게 나쁘게 대할 수 없다는 말. &lt;동의 속담&gt; ‘웃는 낯에 침 뱉으랴’",relationship,613641,https://opendict.korean.go.kr/dictionary/view?sense_no=613641,좋게 대하는 이에게 나쁘게 못 한다는 관계 원칙이라서
일가 싸움은 개싸움,일가끼리 싸우는 것은 짐승과도 같은 일임을 이르는 말.,relationship,605538,https://opendict.korean.go.kr/dictionary/view?sense_no=605538,가족끼리 싸움을 짐승 같다고 경계해 화목을 권해서
가는 떡이 커야 오는 떡이 크다,자기가 남에게 말이나 행동을 좋게 하여야 남도 자기에게 좋게 한다는 말. &lt;동의 속담&gt; ‘가는 말이 고와야 오는 말이 곱다’ ‘가는 정이 있어야 오는 정이 있다’ ‘엑 하면 떽 한다’,relationship,600486,https://opendict.korean.go.kr/dictionary/view?sense_no=600486,베풂과 보답의 주고받음이라서
부모 명 잘 받드는 사람이 나라도 잘 받든다,부모를 위하고 가족과 고향을 사랑할 줄 아는 사람이라야 나라에도 충성을 할 수 있다는 말.,relationship,611139,https://opendict.korean.go.kr/dictionary/view?sense_no=611139,가족 사랑이 공동체 사랑으로 이어진다는 메시지라서
선영 덕은 못 입어도 인심 덕은 입는다,"사람이란 조상의 덕은 입지 못해도 이웃 사람들의 고마운 덕은 입는다는 뜻으로, 죽은 조상에게 바랄 것이 아니라 이웃 간에 화목하고 서로 도와주는 의리를 지켜야 자신도 도움을 받는다는 말.",relationship,604204,https://opendict.korean.go.kr/dictionary/view?sense_no=604204,이웃 화목·상부상조가 실제 도움이라서
자식이 부모 사랑 절반만 해도 효자다,자식에 대한 부모의 사랑은 비할 수 없을 정도로 크다는 말. &lt;동의 속담&gt; ‘자식이 부모의 맘 반이면 효자 된다’,relationship,605683,https://opendict.korean.go.kr/dictionary/view?sense_no=605683,부모 사랑의 크기를 일깨워 효를 권해서
가까운 남이 먼 일가보다 낫다,"가까운 곳에 있는 남이 먼 곳에 사는 일가보다 낫다는 뜻으로, 가까운 곳에 있는 사람이 멀리 있는 사람보다 도움이 됨을 이르는 말. &lt;동의 속담&gt; ‘먼 데 일가가 가까운 이웃만 못하다’ ‘먼 사촌보다 가까운 이웃이 낫다’ ‘먼 일가와 가까운 이웃’ ‘지척의 원수가 천 리의 벗보다 낫다’",relationship,607026,https://opendict.korean.go.kr/dictionary/view?sense_no=607026,가까운 이웃의 소중함이라는 상생 메시지라서
미운 사람 고운 데 없고 고운 사람 미운 데 없다,"한번 밉게 보면 그 사람이 하는 일이 다 밉게만 보이고, 한번 좋게 보면 그 사람이 하는 일이 다 좋게만 보인다는 말. &lt;동의 속담&gt; ‘고운 사람 미운 데 없고 미운 사람 고운 데 없다’ ‘사랑하는 사람은 미움이 없고 미워하는 사람은 사랑이 없다’",relationship,610963,https://opendict.korean.go.kr/dictionary/view?sense_no=610963,보는 마음이 관계를 만든다는 통찰이라서
부모가 착해야 효자(가) 난다,"부모가 착하여야 자식도 부모를 따라 착한 사람이 된다는 뜻으로, 윗사람이 잘하여야 아랫사람도 잘함을 비유적으로 이르는 말.",relationship,611146,https://opendict.korean.go.kr/dictionary/view?sense_no=611146,윗사람의 본보기가 아랫사람을 만든다는 교훈이라서
보금자리 사랑할 줄 모르는 새는 없다,"새조차도 제 보금자리를 극진히 사랑한다는 뜻으로, 사람은 누구나 자신의 가족과 가정을 사랑하고 소중히 여겨야 함을 이르는 말.",relationship,611409,https://opendict.korean.go.kr/dictionary/view?sense_no=611409,가족·가정을 소중히 여기라는 메시지라서
오다가다 옷깃만 스쳐도 전세의 인연이다,"인간이 살면서 부딪치는 사소한 만남이라도 불가에서 말하는 전생의 인연에서 비롯된다는 뜻으로, 살면서 겪게 되는 사람들과의 만남을 소중하게 여겨야 한다는 말.",relationship,605097,https://opendict.korean.go.kr/dictionary/view?sense_no=605097,사소한 만남도 소중히 여기라는 인연 메시지라서
좋은 친구가 없는 사람은 뿌리 깊지 못한 나무와 같다,사람에게 좋은 친구가 없으면 위급한 때에 도움을 받지 못하고 잘못될 수 있으므로 좋은 친구를 많이 사귀는 것이 중요하다는 말.,relationship,606007,https://opendict.korean.go.kr/dictionary/view?sense_no=606007,좋은 친구 사귀기의 중요성이라서
이웃이 사촌보다 낫다,"가까이 사는 이웃이 먼 곳에 사는 친족보다 좋다는 뜻으로, 자주 보는 사람이 정도 많이 들고 따라서 도움을 주고받기도 쉬움을 이르는 말.",relationship,605421,https://opendict.korean.go.kr/dictionary/view?sense_no=605421,자주 보는 이웃의 정과 도움을 기려서
소나무가 무성하면 잣나무도 기뻐한다,가까운 동료나 친구 또는 자기편 사람이 잘되면 좋아한다는 말.,relationship,612016,https://opendict.korean.go.kr/dictionary/view?sense_no=612016,동료·친구의 잘됨을 기뻐하는 마음이라서
내리사랑은 있어도 치사랑은 없다,윗사람이 아랫사람을 사랑하기는 하여도 아랫사람이 윗사람을 사랑하기는 좀처럼 어렵다는 말. &lt;동의 속담&gt; ‘사랑은 내리사랑’,relationship,601753,https://opendict.korean.go.kr/dictionary/view?sense_no=601753,아래로 흐르는 부모 사랑의 본질을 짚어서
겨울이 지나지 않고 봄이 오랴,"세상일에는 다 일정한 순서가 있는 것이니, 급하다고 하여 억지로 할 수는 없음을 이르는 말.",wisdom,607250,https://opendict.korean.go.kr/dictionary/view?sense_no=607250,일에는 순서가 있어 서두른다고 안 된다는 순리의 지혜라서
넘어진 김에 쉬어 간다,뜻하지 아니하던 기회를 만나 자기가 하려고 하던 일을 이룬다는 말. &lt;동의 속담&gt; ‘엎어진 김에 쉬어 간다’,wisdom,601837,https://opendict.korean.go.kr/dictionary/view?sense_no=601837,뜻밖의 기회를 살려 일을 이루는 임기응변이라서
누울 자리 봐 가며 발을 뻗어라,어떤 일을 할 때 그 결과가 어떻게 되리라는 것을 생각하여 미리 살피고 일을 시작하라는 말. &lt;동의 속담&gt; ‘발(을) 뻗을 자리를 보고 누우랬다’ ‘이부자리 보고 발을 펴라’,wisdom,608884,https://opendict.korean.go.kr/dictionary/view?sense_no=608884,때와 장소를 가리는 신중함이라서
셈 센 아버지가 참는다,"사물을 분별하는 슬기가 더 많은 아버지가 어리석은 자식의 말에 참는다는 뜻으로, 사리를 모르고 떠드는 사람에게 점잖은 이가 도리어 참는다는 말.",wisdom,612144,https://opendict.korean.go.kr/dictionary/view?sense_no=612144,어리석음에 점잖게 참는 분별의 지혜라서
무식은 암흑이요 지식은 광명이다,"무식한 사람의 앞날은 캄캄한 암흑과 같으나 지식을 갖춘 사람의 앞날은 광명한 세상이 된다는 뜻으로, 배움의 중요성을 강조하여 이르는 말.",wisdom,610110,https://opendict.korean.go.kr/dictionary/view?sense_no=610110,배움이 앞날을 밝힌다는 선언이라서
말은 바른대로 하고 큰 고기는 내 앞에 놓아라,거짓말을 하거나 남을 속이려 하지 말고 솔직하게 털어놓으라고 이르는 말.,wisdom,609759,https://opendict.korean.go.kr/dictionary/view?sense_no=609759,솔직함을 촉구하는 말의 원칙이라서
살은 쏘고 주워도 말은 하고 못 줍는다,"화살은 쏘아도 찾을 수 있으나 말은 다시 수습할 수 없다는 뜻으로, 말을 삼가야 한다는 말. &lt;동의 속담&gt; ‘쌀은 쏟고 주워도 말은 하고 못 줍는다’",wisdom,603931,https://opendict.korean.go.kr/dictionary/view?sense_no=603931,말을 삼가라는 언어 신중론의 정석이라서
가루는 칠수록 고와지고 말은 할수록 거칠어진다,가루는 체에 칠수록 고와지지만 말은 길어질수록 시비가 붙을 수 있고 마침내는 말다툼까지 가게 되니 말을 삼가라는 말.,wisdom,607034,https://opendict.korean.go.kr/dictionary/view?sense_no=607034,말이 길어지면 시비가 붙는다는 관찰이라서
거짓말은 도둑놈 될 장본,거짓말하는 버릇이 도둑질의 시초라는 말.,wisdom,607533,https://opendict.korean.go.kr/dictionary/view?sense_no=607533,거짓말이 큰 잘못의 시초라는 도덕 판단이라서
말이 많으면 실언이 많다,"하지 않아도 될 말을 이것저것 많이 늘어놓으면 그만큼 쓸 말은 적어진다는 뜻으로, 말을 삼가라는 말. &lt;동의 속담&gt; ‘군말이 많으면 쓸 말이 적다’ ‘말이 많으면 쓸 말이 적다’",wisdom,609775,https://opendict.korean.go.kr/dictionary/view?sense_no=609775,말 아끼기의 실용 지혜라서
못난이 열 명의 꾀가 잘난이 한 명의 꾀보다 낫다,한 사람의 지혜보다 여러 사람의 지혜가 더 현명함을 이르는 말.,wisdom,603031,https://opendict.korean.go.kr/dictionary/view?sense_no=603031,모은 지혜가 현명하다는 집단 지성이라서
관 속에 들어가도 막말은 말라,어떤 경우에라도 말을 함부로 해서는 안 된다는 말.,wisdom,601192,https://opendict.korean.go.kr/dictionary/view?sense_no=601192,끝까지 막말을 삼가라는 언어 절제라서
구관이 명관이다,무슨 일이든 경험이 많거나 익숙한 이가 더 잘하는 법임을 비유적으로 이르는 말.,wisdom,601220,https://opendict.korean.go.kr/dictionary/view?sense_no=601220,익숙함의 가치를 알아보는 경험칙이라서
사람 위에 사람 없고 사람 밑에 사람 없다,사람은 본래 태어날 때부터 권리나 의무가 평등함을 이르는 말.,wisdom,611610,https://opendict.korean.go.kr/dictionary/view?sense_no=611610,평등의 선언이라는 사회 통찰이라서
서당 개 삼 년에 풍월(을) 한다[읊는다/짓는다],"서당에서 삼 년 동안 살면서 매일 글 읽는 소리를 듣다 보면 개조차도 글 읽는 소리를 내게 된다는 뜻으로, 어떤 분야에 대하여 지식과 경험이 전혀 없는 사람이라도 그 부문에 오래 있으면 얼마간의 지식과 경험을 갖게 된다는 것을 비유적으로 이르는 말. &lt;동의 속담&gt; ‘당구 삼 년에 폐풍월(吠風月)’ ‘독서당 개가 맹자 왈 한다’",wisdom,604127,https://opendict.korean.go.kr/dictionary/view?sense_no=604127,오래 있으면 저절로 배운다는 환경·시간의 힘이라서
기운이 세면 장수 노릇 하나,"아무리 기운이 세다 할지라도 장수 노릇은 할 수 없다는 뜻으로, 힘만 가지고는 결코 큰일을 못하며 반드시 훌륭한 품성과 지략을 갖추어야 됨을 비유적으로 이르는 말. &lt;동의 속담&gt; ‘소가 크면[세면] 왕 노릇 하나’ ‘기운이 세면 소가 왕 노릇 할까’ ‘힘 많은 소가 왕 노릇 하나’ ‘힘센 소가 왕 노릇 할까’",wisdom,608060,https://opendict.korean.go.kr/dictionary/view?sense_no=608060,힘보다 품성·지략이 필요하다는 판단이라서
